id;montant;pays_envoi;pays_destination;type_transaction;question_secrete;reponse_secrete;reference_bancaire;raison_transfert;canal;sender_name;sender_prenom;sender_telephone;sender_compte;beneficiary_name;beneficiary_prenom;beneficiary_phone;numero_transaction;is_confirmed;code_confim
1;2849;B2C Ergonomic Concrete Soap;Chips COM;Response B2B US Dollar;Buckinghamshire orchestrate grow;Kids;disintermediate Garden Haiti;Strategist Innovative Fresh;mission-critical;holistic;Automotive;payment connecting;Executive back up Cambridgeshire;interface;invoice;next-generation incentivize;high-level Small Assistant;true;cross-platform
2;33719;Tools;primary;Berkshire Pizza;Facilitator Regional Northern Mariana Islands;Ergonomic Fantastic;clear-thinking enable transmit;Bacon optical;olive IB;Alabama;port models Dynamic;5th generation Maryland Personal Loan Account;Cambridgeshire Pizza Forward;Berkshire hard drive;SSL Avon mesh;Group JBOD Gardens;Planner magenta;true;Indonesia
3;85805;Lek Developer silver;deposit New Mexico Facilitator;Berkshire;Dynamic calculating deposit;Ameliorated;Belgium Towels Electronics;Pakistan SCSI;mint green Health;lime;withdrawal;Industrial Botswana;withdrawal synergies;digital Pitcairn Islands International;New Mexico;software Berkshire Pants;overriding solid state Cambridgeshire;true;Hat Assistant
4;94129;system;Central African Republic;overriding visualize;Gloves connecting;B2C Consultant;value-added AI Peso Uruguayo Uruguay Peso en Unidades Indexadas;parse initiatives Concrete;Health Division;Global;neural end-to-end;Planner Borders experiences;Personal Loan Account;back-end;monitoring override mobile;Mississippi Delaware;Wooden;true;Car Pants Soft
5;76559;empowering;indigo;Intranet driver;Car;Avon;parse bus Arkansas;Hryvnia synthesize Gold;1080p transform;Tokelau Latvian Lats;Operations Unbranded Metal Pants;Georgia;Mobility maximize;Computers Organic;virtual bluetooth core;Incredible;Oregon;false;background Shore even-keeled
6;30044;Legacy;3rd generation compress e-markets;Kansas blue Minnesota;Handmade Consultant;Orchestrator pixel;Direct Awesome Steel Pizza Wooden;Avon 1080p Sleek Wooden Pizza;solid state Berkshire;Coordinator Ergonomic Soft Bacon;Developer;Small Wooden Table;Points value-added;Sudan;Industrial Licensed Soft Shoes;Mews Macao;Cambridgeshire;false;Soft program morph
7;32269;maximized;Afghani;Garden;Lead;Refined Frozen Chair Bedfordshire;user-centric Ergonomic hardware;models Licensed Soft Soap;Salad;exploit transition;yellow customer loyalty background;teal;New York Home Loan Account Cambridgeshire;USB Avon Palau;synthesizing;payment Ergonomic Steel Gloves;Kyat USB Metal;true;Persistent
8;50709;enable;optical Swedish Krona;Games markets Lights;protocol;neural Steel;Dominican Republic;Web International coherent;azure Quality;sticky parse Intuitive;online Reunion Ergonomic;Director;Sleek Soap functionalities;grey vertical Future-proofed;Armenia Won;Gorgeous Metal Gloves;Small orchid Bacon;true;Officer Faroe Islands
9;60520;Metrics Baht;compressing Product Kids;next-generation;Borders;Technician web services Cambridgeshire;Jewelery Upgradable;USB;Mews;sensor;Soft International alarm;metrics;Streamlined;Multi-channelled;CFP Franc Bolivar Fuerte generating;Engineer;bypass Chicken;false;dot-com systems HTTP
10;24648;Credit Card Account focus group;granular enterprise;Personal Loan Account Electronics violet;demand-driven copy;radical integrate;markets Gorgeous;Home Loan Account haptic service-desk;Ergonomic Metal Car flexibility Well;models revolutionize;reciprocal Brand;Automotive Practical Concrete Fish EXE;copy;Sausages Small Concrete Cheese Berkshire;Data GB collaborative;strategic hybrid;Syrian Pound Savings Account hacking;false;Views
